customer_id,age,gender,city_tier,recency_days,frequency,avg_transaction_value,total_transactions,failed_transactions,merchant_diversity,upi_linked_accounts,churn
1,56,Male,1,55,44,3841,143,5,5,3,0
2,46,Male,1,1,23,1338,160,3,13,2,0
3,32,Female,2,72,2,3921,124,5,10,1,1
4,25,Female,1,87,22,1856,73,1,9,3,1
5,38,Male,2,38,37,1554,352,3,17,1,0
6,56,Female,1,6,8,3358,436,5,1,1,0
7,36,Male,2,86,7,3001,372,4,4,1,1
8,40,Male,2,25,14,121,416,2,4,1,0
9,28,Male,3,82,3,1740,361,7,18,3,1
10,28,Male,1,17,16,1394,167,6,9,3,0
11,41,Female,2,61,19,3353,86,2,18,1,1
12,53,Female,3,12,18,3163,155,5,14,1,0
13,57,Female,1,6,16,932,352,3,15,2,0
14,41,Male,3,27,8,4284,472,4,6,2,0
15,20,Male,2,8,33,2712,234,4,10,2,0
16,39,Male,2,83,49,1554,414,6,15,3,1
17,19,Female,3,65,12,2513,322,4,4,2,1
18,41,Male,1,57,11,2603,112,2,18,3,0
19,47,Female,2,40,5,782,416,9,18,3,0
20,55,Female,3,14,27,1798,356,4,17,3,0
21,19,Female,1,35,12,3974,310,6,12,3,0
22,38,Female,2,48,17,473,437,4,7,2,0
23,50,Female,3,84,6,3528,475,4,16,1,1
24,29,Female,1,56,33,1641,97,8,11,1,0
25,39,Male,3,49,5,4535,380,2,14,1,0
26,42,Male,2,13,28,4487,312,5,3,2,0
27,44,Female,2,61,14,4759,177,0,19,1,1
28,59,Female,2,49,5,542,444,9,18,2,0
29,45,Male,1,46,33,241,179,4,10,2,0
30,33,Female,3,62,48,548,144,7,6,2,1
31,32,Female,3,8,41,4967,59,4,13,1,0
32,20,Male,2,43,19,1306,441,8,10,1,0
33,54,Female,2,20,22,2018,349,5,18,1,0
34,24,Female,2,39,5,4372,356,7,16,3,0
35,38,Female,2,85,2,2236,143,9,6,2,1
36,26,Male,2,49,30,866,356,7,13,3,0
37,56,Male,2,64,47,3270,146,2,4,2,1
38,35,Male,2,62,39,1523,254,6,14,1,1
39,21,Female,2,54,4,1136,118,6,1,2,1
40,42,Female,2,9,33,4249,322,9,5,2,0
41,31,Male,1,88,13,1924,296,5,8,3,1
42,26,Female,1,37,20,920,30,6,12,2,0
43,43,Female,2,49,7,4813,99,1,2,1,0
44,19,Female,2,41,15,2092,305,8,12,2,0
45,37,Female,2,17,23,322,121,9,5,2,0
46,45,Female,2,88,14,1079,310,9,5,2,1
47,24,Male,2,21,23,3268,86,0,13,3,0
48,25,Female,2,51,19,4119,186,0,9,2,0
49,52,Male,2,59,29,1101,352,2,10,2,0
50,31,Female,2,39,20,4083,157,2,1,3,0
51,34,Male,2,55,29,1623,110,0,3,3,0
52,53,Female,3,41,24,3240,255,6,18,3,0
53,57,Male,2,39,18,4438,126,3,12,3,0
54,21,Female,1,13,10,3847,101,9,3,1,0
55,19,Male,1,64,41,3339,410,1,9,1,1
56,23,Female,1,11,8,3797,37,9,2,2,0
57,59,Male,2,19,26,2155,434,4,3,1,0
58,21,Female,2,11,29,357,459,5,14,2,0
59,46,Male,2,77,10,3409,34,8,4,1,1
60,35,Male,2,46,17,3226,67,3,19,3,0
61,43,Female,1,45,2,1301,306,1,13,3,1
62,51,Female,2,1,6,2797,143,4,7,1,0
63,27,Male,1,40,5,1567,340,2,12,1,0
64,53,Female,2,19,28,1428,258,1,3,2,0
65,31,Male,1,76,41,4941,47,0,9,2,1
66,48,Male,3,72,5,2011,399,9,2,2,1
67,32,Male,1,72,18,4355,438,1,9,3,1
68,25,Female,3,61,26,2913,84,5,12,3,1
69,31,Male,2,12,20,2706,151,7,12,3,0
70,40,Male,3,61,41,2544,331,2,15,3,1
71,57,Female,2,33,49,4617,177,8,2,2,0
72,38,Female,2,45,27,4055,268,8,18,3,0
73,33,Female,2,69,49,3613,382,1,13,3,1
74,35,Female,2,8,12,972,364,7,14,3,0
75,41,Male,2,25,7,4282,234,9,5,3,0
76,43,Male,2,46,3,4512,161,4,10,1,1
77,42,Male,2,87,10,3009,28,3,12,2,1
78,58,Male,1,30,34,233,155,9,10,2,0
79,46,Female,2,47,25,3408,457,4,11,3,0
80,32,Male,2,87,35,1448,250,3,2,1,1
81,18,Male,2,49,16,2846,381,7,5,2,0
82,42,Female,2,47,2,586,390,3,7,2,1
83,24,Male,2,84,24,1323,353,9,6,3,1
84,26,Male,3,82,10,3017,246,5,3,3,1
85,41,Male,1,18,38,3099,44,1,13,2,0
86,18,Male,2,66,22,1146,199,4,3,2,1
87,25,Male,2,68,26,1355,10,5,6,1,1
88,41,Male,2,33,43,965,493,4,11,2,0
89,28,Female,3,36,39,3131,162,1,17,2,0
90,34,Female,1,82,27,4297,438,6,10,3,1
91,25,Male,2,19,29,1078,442,3,12,2,0
92,52,Male,2,28,47,2027,135,7,17,3,0
93,52,Female,2,40,38,3404,491,6,4,2,0
94,50,Male,2,84,20,2561,354,6,2,2,1
95,22,Male,2,76,27,320,409,8,11,2,1
96,59,Male,2,15,41,1236,235,0,7,1,0
97,56,Female,2,41,20,4605,230,9,2,3,0
98,58,Male,1,39,44,4250,412,5,18,1,0
99,45,Female,2,2,19,3814,416,5,4,2,0
100,24,Male,1,63,20,2448,220,5,8,1,1
101,26,Female,2,29,35,4579,34,5,14,3,0
102,25,Female,2,74,47,4285,25,9,12,2,1
103,29,Male,2,66,2,4232,191,6,18,1,1
104,51,Female,2,51,30,1761,338,9,11,1,0
105,50,Male,1,75,34,2280,138,5,8,3,1
106,40,Female,2,77,22,178,51,0,2,1,1
107,41,Male,2,10,3,1319,412,2,15,3,1
108,54,Male,2,14,6,3722,490,1,9,2,0
109,52,Female,3,82,15,1651,427,5,19,2,1
110,57,Male,1,51,27,4815,345,7,8,1,0
111,39,Male,2,73,10,4020,245,2,19,2,1
112,44,Female,2,39,9,4294,369,9,5,2,0
113,52,Male,2,28,33,4997,448,7,11,1,0
114,18,Male,1,3,32,677,411,7,15,2,0
115,52,Female,1,84,48,3847,43,4,8,1,1
116,54,Female,3,70,6,2094,354,7,19,3,1
117,31,Male,2,27,41,3602,390,5,8,3,0
118,20,Male,2,2,36,2391,54,4,19,3,0
119,18,Female,2,38,2,3264,143,8,18,1,1
120,22,Female,2,3,29,299,30,6,10,1,0
121,43,Male,1,16,4,2975,131,7,7,2,1
122,31,Female,2,40,1,1024,79,0,9,2,1
123,56,Male,2,2,19,1375,361,1,1,2,0
124,44,Male,3,81,26,1033,370,7,19,2,1
125,26,Male,1,41,25,938,57,8,5,2,0
126,32,Male,2,12,10,2987,48,3,19,1,0
127,32,Male,2,35,15,2167,296,9,1,1,0
128,43,Female,2,65,22,2722,499,9,15,3,1
129,59,Female,2,55,48,1376,19,8,16,3,0
130,30,Female,2,45,21,520,39,3,7,3,0
131,49,Female,2,79,22,2037,253,9,12,3,1
132,56,Male,2,85,36,140,283,9,8,1,1
133,49,Male,2,62,34,579,453,9,5,1,1
134,21,Male,3,49,30,4806,97,8,10,1,0
135,47,Male,2,25,25,4109,253,6,5,2,0
136,54,Female,2,23,45,4884,390,1,17,2,0
137,40,Male,1,24,28,2823,338,8,5,3,0
138,56,Male,3,38,1,1736,488,3,15,2,1
139,32,Female,1,28,49,241,24,7,13,1,0
140,46,Female,1,21,45,2036,13,6,1,3,0
141,53,Female,1,54,4,3673,200,6,11,3,1
142,30,Female,2,18,7,2235,177,7,1,2,0
143,49,Male,1,36,49,4490,18,0,11,3,0
144,24,Male,1,45,9,1058,118,4,18,2,0
145,39,Female,1,73,36,3833,146,1,18,2,1
146,45,Male,1,53,19,4348,163,1,16,3,0
147,19,Male,2,30,1,4718,397,0,13,2,1
148,59,Male,2,60,10,4337,218,4,7,2,0
149,23,Female,2,32,36,2102,281,1,1,2,0
150,45,Male,2,67,9,3358,152,3,16,2,1
151,45,Female,2,67,45,1766,108,2,1,3,1
152,37,Male,1,28,46,360,386,2,17,1,0
153,47,Male,2,44,42,4588,317,1,6,1,0
154,28,Male,3,79,32,1310,78,5,2,2,1
155,45,Female,2,41,32,3982,256,1,17,2,0
156,42,Male,1,63,6,3318,270,7,6,2,1
157,56,Female,2,23,48,634,285,7,14,1,0
158,50,Female,2,75,38,2849,88,4,18,2,1
159,18,Female,2,48,17,409,155,9,6,3,0
160,44,Male,1,32,10,2916,120,6,10,3,0
161,30,Male,1,57,27,2061,267,3,18,3,0
162,58,Male,1,33,35,4989,102,0,9,1,0
163,20,Male,3,24,21,4056,22,1,8,2,0
164,56,Female,2,39,25,1675,269,9,10,2,0
165,23,Female,1,34,28,2814,435,9,17,2,0
166,25,Female,1,56,47,940,118,3,6,1,0
167,44,Male,2,28,15,781,339,0,14,1,0
168,26,Female,1,37,4,4011,198,7,6,1,1
169,54,Male,1,7,29,4751,104,8,7,1,0
170,50,Female,3,68,9,2554,114,3,12,3,1
171,59,Male,1,37,27,664,17,9,3,1,0
172,41,Male,2,56,26,3856,76,2,14,1,0
173,32,Female,3,65,19,1769,200,1,19,1,1
174,49,Female,2,65,28,4819,375,4,16,2,1
175,49,Female,1,47,17,1637,265,2,7,2,0
176,41,Female,1,20,43,1661,18,9,8,2,0
177,58,Male,3,19,41,946,487,6,18,3,0
178,29,Female,3,29,42,327,126,5,13,3,0
179,56,Female,2,74,20,4697,276,0,9,1,1
180,19,Female,1,60,45,1686,108,7,10,2,0
181,20,Male,2,18,40,2208,494,1,9,3,0
182,54,Male,3,35,39,2482,307,4,15,2,0
183,34,Female,2,43,49,3954,406,8,2,3,0
184,19,Male,3,11,23,4906,173,7,13,3,0
185,19,Female,3,49,47,3312,385,1,2,1,0
186,45,Male,2,38,32,1499,150,8,19,1,0
187,40,Male,2,64,47,4550,277,4,2,3,1
188,54,Male,2,69,33,1282,46,9,3,1,1
189,49,Male,1,8,46,4167,83,5,6,3,0
190,50,Female,2,34,5,727,82,2,3,3,0
191,18,Female,2,48,43,2708,317,2,10,2,0
192,36,Female,3,56,48,2078,208,9,6,1,0
193,19,Male,3,76,34,3808,139,7,16,1,1
194,43,Female,2,65,40,4674,255,9,17,1,1
195,49,Female,1,31,11,2087,321,9,19,2,0
196,23,Female,1,4,3,2699,69,1,3,2,1
197,49,Male,1,50,33,706,288,1,18,2,0
198,21,Male,2,69,11,215,112,4,7,1,1
199,28,Male,2,30,16,4994,305,5,9,1,0
200,34,Female,3,88,18,4641,329,1,12,1,1
201,55,Female,2,59,30,639,496,4,5,2,0
202,41,Female,3,67,48,4574,350,6,3,2,1
203,22,Male,3,75,10,2871,160,9,11,3,1
204,51,Male,2,45,18,4308,166,9,4,2,0
205,23,Female,3,4,38,1312,215,7,5,3,0
206,39,Male,2,26,19,121,483,6,1,1,0
207,28,Male,1,27,36,3566,188,7,18,2,0
208,33,Male,2,46,13,4800,206,8,12,1,0
209,50,Male,2,64,46,3630,232,4,13,1,1
210,26,Female,2,51,3,318,98,4,9,1,1
211,23,Male,2,50,10,1826,296,9,2,1,0
212,33,Male,2,6,38,2512,443,3,5,2,0
213,46,Male,2,59,1,1318,285,8,13,1,1
214,20,Male,2,15,27,1065,245,4,16,3,0
215,37,Female,2,30,46,2772,192,1,16,2,0
216,53,Female,2,42,8,1133,218,9,3,1,0
217,36,Male,2,37,46,4151,139,7,4,2,0
218,43,Male,1,42,42,456,162,6,11,3,0
219,20,Male,2,35,17,3126,22,7,14,1,0
220,36,Male,1,87,9,1035,131,2,3,3,1
221,37,Male,2,6,6,3653,368,3,16,1,0
222,49,Male,2,68,43,4535,229,4,15,3,1
223,24,Female,2,18,25,759,115,5,10,1,0
224,58,Male,2,73,39,2668,384,0,9,2,1
225,50,Female,3,29,49,4899,79,3,11,1,0
226,57,Female,3,77,28,1461,204,9,16,2,1
227,56,Male,3,59,33,4671,195,4,10,1,0
228,35,Female,3,47,37,1535,108,6,17,1,0
229,57,Female,1,17,9,3000,91,4,19,3,0
230,18,Female,1,22,18,4701,84,0,2,3,0
231,28,Female,2,68,21,2984,383,6,2,3,1
232,45,Female,1,69,2,4164,349,7,6,1,1
233,42,Female,2,37,43,4720,201,6,19,1,0
234,40,Male,2,49,38,1053,334,3,8,1,0
235,48,Female,2,13,40,2516,476,7,3,2,0
236,47,Female,2,34,36,2516,223,4,14,2,0
237,59,Female,2,86,43,1988,324,9,16,1,1
238,52,Male,2,53,37,1989,453,8,1,3,0
239,24,Female,3,87,15,1685,476,9,3,3,1
240,33,Male,2,51,28,1748,391,4,18,3,0
241,43,Female,3,3,18,4577,376,0,9,1,0
242,19,Male,1,42,34,2141,327,8,6,3,0
243,18,Male,3,32,22,1945,153,4,1,1,0
244,29,Female,2,51,11,4290,393,5,10,2,0
245,22,Female,2,85,13,3448,225,3,6,3,1
246,54,Male,1,46,4,1123,370,5,12,2,1
247,49,Female,2,21,22,2452,333,7,4,3,0
248,26,Male,1,44,7,4945,24,2,13,1,0
249,58,Male,1,11,43,3262,226,4,17,1,0
250,52,Male,2,68,24,4087,448,1,8,1,1
251,36,Male,2,1,4,1201,44,1,3,1,1
252,33,Male,2,63,28,2495,192,6,12,3,1
253,20,Female,3,24,15,2006,279,9,7,2,0
254,37,Male,2,13,1,4608,442,9,12,1,1
255,41,Male,2,11,3,3957,476,9,2,3,1
256,50,Female,1,51,14,857,367,5,14,2,0
257,41,Male,2,17,38,236,109,3,5,1,0
258,28,Female,2,82,1,4877,16,4,9,2,1
259,25,Female,3,86,38,4574,39,0,11,1,1
260,53,Female,3,24,38,1357,476,6,5,2,0
261,55,Male,2,19,21,2334,314,7,3,2,0
262,57,Male,1,37,48,4916,482,8,17,1,0
263,37,Male,3,85,29,807,153,7,2,3,1
264,52,Female,2,8,5,4281,120,4,1,2,0
265,42,Male,1,28,49,4937,241,2,7,1,0
266,52,Female,1,5,10,3904,188,9,14,2,0
267,42,Male,2,17,28,4316,81,8,5,2,0
268,46,Female,1,36,21,2256,219,5,19,3,0
269,35,Male,3,19,7,3608,229,4,11,2,0
270,35,Male,2,64,3,1630,89,2,2,2,1
271,19,Male,1,11,45,1011,92,5,8,1,0
272,52,Female,3,54,47,3897,51,2,9,1,0
273,33,Female,2,45,20,3625,282,9,3,3,0
274,58,Male,2,47,19,925,200,5,2,2,0
275,53,Male,1,12,35,2468,182,3,7,2,0
276,50,Female,1,21,4,4248,470,1,5,2,1
277,21,Female,2,11,5,1051,16,7,5,3,0
278,50,Female,2,5,1,3434,164,3,13,2,1
279,31,Male,2,81,4,4116,19,8,6,1,1
280,38,Female,2,56,12,2895,43,6,18,3,0
281,37,Male,2,20,27,1531,45,1,2,1,0
282,25,Female,1,41,42,3351,418,3,6,1,0
283,24,Male,2,46,23,707,15,4,9,3,0
284,20,Female,3,12,25,2830,417,2,3,1,0
285,34,Female,2,70,21,472,411,8,1,2,1
286,50,Female,2,17,24,3731,224,4,1,3,0
287,29,Female,1,19,25,4316,143,1,19,1,0
288,39,Female,2,26,45,2760,294,2,5,2,0
289,39,Male,2,48,46,502,135,8,13,2,0
290,47,Female,3,52,32,2447,418,6,19,1,0
291,55,Female,2,70,32,2025,448,1,12,2,1
292,55,Female,3,55,5,1707,346,8,16,3,0
293,25,Male,2,75,36,2591,183,3,19,1,1
294,44,Female,1,33,46,3125,161,8,3,2,0
295,44,Male,2,62,42,3214,340,1,12,2,1
296,51,Female,1,88,49,3016,35,9,5,1,1
297,38,Female,1,23,42,2103,392,3,2,1,0
298,47,Male,3,15,39,337,124,4,7,1,0
299,50,Female,2,27,16,3267,391,1,13,1,0
300,45,Male,2,75,33,3904,491,9,15,3,1
301,50,Male,1,64,49,1497,293,0,3,1,1
302,22,Female,2,81,21,657,396,6,5,3,1
303,36,Male,1,51,9,4602,84,9,8,3,0
304,21,Female,1,53,6,1814,175,0,1,1,0
305,52,Female,2,78,45,1275,198,7,8,3,1
306,34,Male,1,82,35,1285,87,2,18,1,1
307,45,Male,2,51,39,1079,444,9,16,1,0
308,47,Male,1,47,22,2721,99,5,18,2,0
309,46,Male,1,4,41,4012,185,6,12,1,0
310,23,Female,1,7,5,4592,30,9,13,2,0
311,52,Female,2,35,42,4980,63,0,13,3,0
312,58,Male,2,48,23,3227,193,5,10,2,0
313,54,Female,2,73,17,3772,368,6,7,3,1
314,41,Female,2,72,12,4956,231,5,14,1,1
315,46,Female,2,45,23,1525,324,3,16,3,0
316,48,Female,1,81,16,2946,337,0,15,3,1
317,52,Male,2,81,3,858,188,8,12,1,1
318,50,Male,3,72,30,1028,285,3,9,3,1
319,38,Female,2,19,22,2513,121,6,8,1,0
320,49,Male,2,63,9,775,233,6,18,2,1
321,40,Male,3,38,29,2551,223,1,18,1,0
322,50,Male,2,67,47,3412,68,0,13,1,1
323,20,Female,1,59,37,1266,336,7,18,3,0
324,35,Female,2,69,23,4101,402,7,15,2,1
325,42,Female,2,13,13,2247,118,6,4,1,0
326,59,Male,2,47,32,2856,394,7,17,2,0
327,48,Female,2,61,46,828,166,2,5,2,1
328,20,Female,2,31,47,1022,200,1,16,3,0
329,57,Male,2,80,48,2860,209,6,9,1,1
330,41,Female,2,22,23,2173,321,7,10,3,0
331,49,Female,3,86,45,648,205,0,18,1,1
332,39,Male,2,43,17,3391,44,9,17,2,0
333,40,Male,1,67,40,274,388,8,18,1,1
334,19,Male,2,54,21,890,396,3,7,1,0
335,44,Female,1,10,2,1864,255,3,4,2,1
336,59,Female,2,42,37,4859,246,2,5,2,0
337,19,Female,2,64,6,1156,113,5,16,1,1
338,43,Male,1,21,44,174,16,0,3,3,0
339,34,Male,2,80,18,3296,292,5,18,1,1
340,57,Female,1,76,30,2981,10,1,14,2,1
341,50,Female,1,66,22,4175,228,8,15,3,1
342,26,Male,2,41,33,3021,473,1,17,2,0
343,56,Male,2,24,30,2067,239,6,1,2,0
344,46,Male,3,35,17,2465,464,0,17,3,0
345,59,Male,2,56,43,4640,181,6,11,2,0
346,43,Female,2,30,32,3146,96,4,17,2,0
347,52,Male,2,57,42,1659,50,7,14,2,0
348,42,Female,1,47,14,767,132,3,19,2,0
349,41,Female,3,35,10,3611,340,9,7,2,0
350,30,Female,2,19,47,1066,307,6,13,2,0
351,24,Male,2,8,36,3615,382,5,18,2,0
352,53,Male,1,26,34,4751,426,4,14,2,0
353,37,Male,2,71,9,4520,187,3,1,2,1
354,18,Male,2,30,42,2010,72,6,7,1,0
355,25,Female,3,7,28,1098,493,4,8,1,0
356,33,Male,1,67,11,1407,174,4,18,2,1
357,31,Male,2,65,14,3476,498,0,9,1,1
358,29,Female,3,36,39,165,196,1,1,3,0
359,40,Male,2,25,47,2145,392,4,17,1,0
360,32,Female,2,37,19,1851,218,2,19,2,0
361,45,Female,1,1,15,2196,236,1,6,2,0
362,51,Female,3,15,28,1670,441,3,3,1,0
363,19,Female,1,37,24,4830,398,3,5,2,0
364,49,Female,2,13,8,3000,57,3,2,3,0
365,40,Female,2,8,43,3842,233,3,4,3,0
366,39,Female,1,5,9,2991,12,2,10,2,0
367,42,Female,2,60,47,4955,381,6,10,3,0
368,39,Male,1,73,33,1027,184,8,11,3,1
369,39,Male,1,1,33,3116,455,4,16,1,0
370,59,Male,2,36,19,833,108,3,17,3,0
371,23,Male,3,35,3,290,125,1,16,1,1
372,32,Female,2,66,10,1603,279,1,7,2,1
373,54,Male,2,63,40,4628,456,4,16,1,1
374,50,Female,1,23,47,1062,377,6,3,2,0
375,25,Male,1,9,42,236,262,9,16,2,0
376,22,Male,1,34,1,1931,326,9,8,2,1
377,56,Male,1,46,29,4636,424,8,12,2,0
378,21,Female,2,78,34,480,104,6,3,2,1
379,23,Male,2,4,13,288,282,4,17,1,0
380,49,Female,2,30,1,2395,389,9,18,2,1
381,47,Female,1,75,34,125,33,9,11,3,1
382,52,Male,2,72,29,1406,125,9,4,3,1
383,57,Male,3,3,48,4972,160,5,16,2,0
384,33,Male,1,14,47,2380,347,2,17,3,0
385,30,Female,3,60,13,4736,59,4,9,1,0
386,59,Male,3,77,48,1952,215,7,6,1,1
387,47,Female,1,45,49,4063,344,0,2,2,0
388,36,Female,2,34,29,4720,88,0,9,2,0
389,34,Male,2,45,39,2109,79,6,6,2,0
390,36,Male,2,61,24,190,36,4,3,3,1
391,45,Female,2,83,26,1839,280,4,6,3,1
392,43,Female,2,16,17,3676,59,0,7,1,0
393,54,Female,2,66,7,66,301,8,1,3,1
394,43,Male,2,40,13,4398,256,0,1,1,0
395,40,Female,2,17,5,514,273,4,5,3,0
396,26,Male,2,34,26,4521,88,9,6,1,0
397,29,Female,2,16,49,1877,396,8,13,2,0
398,18,Female,2,60,3,3078,199,3,2,3,1
399,18,Male,1,66,7,569,56,7,15,1,1
400,51,Female,1,66,49,139,470,5,15,3,1
401,49,Male,3,13,39,4865,370,2,13,2,0
402,42,Male,2,56,1,2901,363,3,14,1,1
403,57,Female,1,31,49,2893,481,1,7,3,0
404,18,Male,1,34,17,4775,497,0,14,3,0
405,33,Male,1,39,43,1934,361,7,10,2,0
406,56,Female,3,67,25,4221,198,0,17,2,1
407,22,Male,2,8,3,975,425,0,14,1,1
408,39,Male,3,87,15,3784,265,3,8,3,1
409,46,Male,2,78,29,1019,231,9,4,3,1
410,20,Female,2,55,43,1144,381,9,16,2,0
411,29,Male,2,27,32,3245,250,5,13,2,0
412,43,Female,2,53,26,1454,278,8,18,1,0
413,33,Female,1,39,16,3414,10,0,14,3,0
414,54,Male,3,65,25,4340,43,6,18,3,1
415,39,Male,3,17,28,4032,455,9,5,1,0
416,46,Male,2,30,9,4373,88,4,9,1,0
417,31,Female,3,53,1,4063,245,7,3,2,1
418,45,Male,3,13,29,4606,343,6,8,2,0
419,22,Male,2,21,22,4763,386,3,10,1,0
420,47,Male,1,19,16,3142,358,3,19,1,0
421,22,Male,2,53,41,4209,107,5,3,3,0
422,29,Male,2,19,44,2124,91,5,11,1,0
423,33,Female,1,57,41,334,464,8,11,1,0
424,43,Female,1,25,7,4983,486,4,17,3,0
425,43,Male,2,86,14,4976,424,7,16,1,1
426,38,Male,1,31,29,1237,201,4,7,2,0
427,56,Male,2,81,19,4019,262,1,4,2,1
428,53,Male,3,55,19,3015,418,5,19,3,0
429,50,Female,3,23,2,4369,47,8,12,1,1
430,47,Male,1,32,41,833,23,2,15,2,0
431,54,Female,3,62,45,999,401,0,11,2,1
432,40,Female,1,74,15,3989,356,0,5,2,1
433,27,Male,1,10,3,94,319,2,5,2,1
434,22,Female,2,72,11,1860,395,9,15,1,1
435,53,Female,2,54,46,4616,218,4,18,1,0
436,51,Female,2,52,30,2131,366,2,11,1,0
437,48,Female,2,20,40,3548,471,8,12,1,0
438,27,Male,1,32,18,879,98,7,2,2,0
439,36,Male,1,14,48,1959,65,2,15,3,0
440,49,Female,2,50,2,2631,103,8,4,3,1
441,18,Male,2,28,32,741,102,5,18,2,0
442,22,Male,2,53,8,4069,349,6,6,2,0
443,21,Male,1,24,22,981,94,3,19,3,0
444,33,Male,2,79,6,4986,454,3,11,3,1
445,41,Male,1,22,12,3456,254,1,2,2,0
446,33,Female,1,30,47,197,31,4,8,2,0
447,19,Male,2,63,40,1082,300,7,11,1,1
448,45,Male,1,4,36,1361,494,6,5,1,0
449,49,Male,1,77,15,437,281,6,18,3,1
450,44,Male,2,59,28,3171,315,5,18,2,0
451,37,Female,2,87,49,1923,131,2,14,3,1
452,41,Female,2,8,45,3638,137,4,10,1,0
453,29,Female,1,82,18,965,122,0,3,1,1
454,52,Female,1,12,2,1928,436,6,9,3,1
455,50,Male,1,31,13,3798,282,8,3,1,0
456,50,Female,1,78,45,327,345,0,11,2,1
457,54,Male,2,34,15,2027,451,1,12,3,0
458,29,Male,3,82,20,1909,139,2,12,2,1
459,20,Male,2,75,29,3086,141,2,3,2,1
460,18,Male,2,76,42,3421,94,7,7,1,1
461,50,Male,2,49,29,4763,432,6,14,2,0
462,57,Female,2,79,3,2232,491,5,11,3,1
463,27,Female,2,57,19,4725,359,9,7,2,0
464,46,Female,2,26,3,1220,399,9,10,2,1
465,30,Female,2,18,14,539,90,3,11,2,0
466,29,Male,1,86,40,2575,496,8,15,2,1
467,48,Female,2,38,4,1232,482,0,19,2,1
468,19,Male,3,81,11,4529,334,1,16,1,1
469,52,Female,1,87,31,4308,78,3,12,3,1
470,40,Male,1,88,43,2538,157,2,18,1,1
471,34,Male,2,50,32,1926,457,0,13,3,0
472,43,Female,2,8,27,2512,25,4,5,3,0
473,25,Male,2,41,30,1680,316,6,4,3,0
474,46,Male,2,6,43,337,114,1,14,3,0
475,43,Female,1,69,2,4332,174,4,8,3,1
476,27,Male,2,44,49,1957,497,5,9,2,0
477,43,Female,2,64,9,1211,210,6,19,1,1
478,51,Female,3,29,28,179,206,0,3,1,0
479,58,Female,2,28,31,2413,435,6,5,2,0
480,24,Male,1,11,34,193,194,3,18,3,0
481,21,Male,1,65,15,65,331,7,1,1,1
482,28,Male,1,19,48,294,274,3,8,2,0
483,46,Female,2,9,25,976,372,5,19,2,0
484,53,Male,1,27,36,3228,109,8,17,1,0
485,42,Female,2,34,8,2226,351,4,17,1,0
486,38,Female,2,44,9,936,329,3,11,3,0
487,53,Male,1,68,37,390,223,7,2,3,1
488,27,Female,1,82,48,2101,287,8,6,1,1
489,54,Male,1,15,45,3448,171,3,14,3,0
490,26,Male,3,51,39,4000,448,2,3,2,0
491,41,Male,1,13,32,355,166,7,12,3,0
492,52,Male,2,83,17,957,431,4,4,3,1
493,52,Male,3,49,35,2704,260,1,12,2,0
494,53,Female,2,70,37,3842,375,9,13,3,1
495,35,Female,3,56,19,4092,106,8,2,2,0
496,56,Female,2,76,44,1421,27,2,2,3,1
497,49,Male,3,51,29,370,336,1,15,1,0
498,41,Male,1,37,7,4704,458,0,17,3,0
499,40,Male,1,17,28,4109,392,7,7,1,0
500,49,Female,2,58,9,1181,106,2,14,1,0
501,54,Male,3,87,28,2628,10,6,12,1,1
502,29,Female,3,29,6,4092,225,0,17,1,0
503,30,Female,1,33,29,3417,141,0,14,1,0
504,40,Male,1,60,17,867,269,8,6,2,0
505,42,Male,3,89,16,61,134,7,19,2,1
506,52,Female,1,55,23,244,91,2,6,2,0
507,58,Male,2,10,31,2587,292,5,18,1,0
508,47,Female,3,47,3,2892,180,2,5,3,1
509,34,Male,2,23,21,2279,68,3,6,2,0
510,37,Male,2,85,26,3059,41,0,2,3,1
511,42,Female,2,21,36,4801,170,4,8,3,0
512,39,Male,1,13,42,2127,293,0,15,1,0
513,30,Female,3,33,37,3917,115,0,15,1,0
514,36,Male,2,24,22,4923,114,9,11,1,0
515,53,Female,3,11,42,493,448,6,1,2,0
516,29,Female,1,17,12,347,237,5,18,1,0
517,58,Male,3,68,42,4953,197,1,12,2,1
518,36,Female,2,47,13,894,79,1,12,2,0
519,29,Male,1,25,11,1065,327,6,11,2,0
520,26,Male,1,73,16,1434,473,0,8,2,1
521,24,Male,2,21,8,1447,299,1,7,1,0
522,45,Female,2,84,40,603,96,7,2,2,1
523,31,Female,3,83,40,2400,379,5,11,1,1
524,48,Male,1,83,45,4566,371,1,10,1,1
525,36,Male,1,12,2,1319,481,6,3,2,1
526,33,Female,2,37,30,1310,65,3,10,1,0
527,22,Male,2,42,30,234,122,1,18,3,0
528,52,Male,2,17,12,4613,22,5,14,1,0
529,29,Female,3,48,10,2460,449,8,18,1,0
530,42,Male,3,28,44,4481,27,8,8,2,0
531,38,Female,3,41,11,2259,191,7,10,2,0
532,53,Male,2,47,15,3722,470,2,13,1,0
533,40,Female,2,18,16,4733,122,2,8,2,0
534,33,Male,2,78,17,1931,238,1,4,3,1
535,56,Male,2,71,26,4346,180,4,4,3,1
536,59,Female,3,13,2,571,304,3,5,2,1
537,56,Male,1,82,12,1937,198,6,1,1,1
538,31,Female,2,13,26,2602,435,3,17,3,0
539,48,Male,1,31,23,3859,474,8,2,3,0
540,22,Female,2,2,18,4933,88,1,8,1,0
541,52,Female,3,16,32,4205,155,5,7,2,0
542,40,Female,2,9,49,4723,416,6,15,3,0
543,46,Female,1,73,38,4466,191,3,5,1,1
544,28,Male,3,38,47,3529,295,5,2,1,0
545,35,Male,2,75,3,1459,259,6,7,3,1
546,29,Female,1,54,38,1744,363,3,8,2,0
547,26,Female,1,56,3,4714,323,7,7,3,1
548,27,Female,1,86,30,576,205,8,7,1,1
549,34,Male,1,87,1,2710,332,0,14,3,1
550,55,Male,3,45,30,2222,80,6,18,2,0
551,24,Male,2,34,45,329,257,8,6,1,0
552,30,Male,3,9,32,3014,155,9,4,2,0
553,57,Female,2,88,28,4027,115,4,10,3,1
554,59,Female,1,8,21,2719,272,1,18,3,0
555,26,Female,2,7,46,2943,305,9,12,2,0
556,44,Male,1,36,13,1801,79,5,16,3,0
557,19,Male,2,18,27,4031,479,6,7,2,0
558,22,Male,3,3,36,4819,202,1,6,3,0
559,46,Female,2,28,7,2411,77,1,5,2,0
560,54,Female,2,70,22,4477,314,9,3,2,1
561,55,Male,1,44,10,4181,61,9,12,1,0
562,36,Female,1,21,39,1758,379,0,15,1,0
563,25,Male,1,28,15,2736,372,3,10,2,0
564,18,Male,2,54,15,2945,294,6,19,3,0
565,39,Female,1,54,4,4585,414,8,16,3,1
566,34,Male,2,65,32,2826,483,2,11,3,1
567,24,Female,2,21,23,1169,343,6,8,2,0
568,42,Male,2,13,6,3038,18,6,3,2,0
569,21,Female,1,57,24,4309,260,6,7,2,0
570,53,Female,1,49,20,4293,440,1,7,2,0
571,23,Female,3,54,37,244,341,5,14,1,0
572,48,Male,2,10,20,712,307,1,2,2,0
573,36,Male,2,53,12,529,444,5,10,3,0
574,56,Female,1,44,33,4268,193,9,19,1,0
575,44,Female,3,47,28,1473,188,2,9,3,0
576,27,Male,2,53,8,2758,207,1,16,2,0
577,43,Male,2,74,1,3225,137,5,19,1,1
578,36,Male,3,46,37,3864,29,1,18,2,0
579,56,Female,1,13,22,2064,481,4,9,1,0
580,20,Male,2,37,6,3839,420,1,16,3,0
581,30,Male,2,24,21,4855,431,2,13,2,0
582,45,Female,1,2,32,2493,337,2,10,2,0
583,37,Male,3,86,35,961,74,5,14,1,1
584,45,Male,2,81,15,3263,191,5,12,1,1
585,25,Male,2,14,5,2414,250,9,19,2,0
586,58,Female,1,10,46,3679,378,2,7,1,0
587,56,Female,1,35,48,3522,33,2,15,2,0
588,18,Female,2,25,6,730,393,0,16,1,0
589,20,Female,2,3,25,4701,440,6,8,3,0
590,30,Female,1,17,46,659,464,7,10,1,0
591,45,Female,2,12,40,2206,92,1,4,3,0
592,42,Female,2,54,29,3916,479,3,19,1,0
593,50,Male,1,24,7,421,328,9,19,1,0
594,55,Male,2,29,40,665,194,6,15,2,0
595,23,Female,1,43,13,2303,448,7,14,1,0
596,49,Male,3,25,38,4992,325,0,1,1,0
597,38,Male,2,60,18,4188,108,3,16,3,0
598,33,Female,1,65,2,914,71,5,10,1,1
599,38,Male,2,84,8,1318,295,2,19,2,1
600,28,Male,2,28,11,834,486,4,3,3,0
601,54,Male,2,16,33,4621,31,9,5,2,0
602,53,Male,2,47,38,4228,468,8,9,2,0
603,52,Male,2,81,48,2287,221,2,18,2,1
604,36,Female,1,58,27,4104,135,4,11,2,0
605,37,Female,1,76,20,4945,422,7,16,3,1
606,35,Female,1,27,12,985,434,5,2,1,0
607,58,Male,2,53,43,4030,51,3,12,2,0
608,31,Female,3,42,31,2388,107,7,6,3,0
609,32,Male,2,59,27,375,458,2,11,2,0
610,48,Male,1,47,32,1584,40,2,8,1,0
611,18,Male,2,34,10,3530,167,3,12,3,0
612,20,Male,3,37,3,3911,121,8,2,3,1
613,33,Female,2,6,45,2035,411,4,9,1,0
614,40,Female,3,7,27,4982,256,7,15,3,0
615,28,Male,1,25,35,4653,131,5,2,1,0
616,29,Female,1,33,31,2828,282,2,1,3,0
617,27,Male,3,55,15,1320,303,7,10,3,0
618,49,Female,2,58,16,690,407,8,2,1,0
619,33,Female,2,7,13,4753,480,7,12,1,0
620,25,Male,2,57,49,4128,482,3,8,3,0
621,55,Female,3,12,35,4711,216,5,5,3,0
622,29,Male,2,16,11,1417,119,0,1,1,0
623,41,Female,2,80,21,4092,449,3,15,1,1
624,45,Male,2,43,11,2625,287,7,6,3,0
625,25,Male,2,77,30,3653,460,0,12,3,1
626,45,Female,2,7,48,1631,65,2,8,3,0
627,53,Female,3,51,35,2036,384,0,13,1,0
628,43,Male,3,73,22,2290,412,8,19,3,1
629,25,Female,3,32,38,4016,66,1,1,2,0
630,45,Female,1,75,31,2155,437,8,11,1,1
631,45,Male,2,8,14,178,491,3,1,3,0
632,54,Male,2,87,24,4851,300,1,8,1,1
633,58,Female,2,89,49,4046,123,3,5,2,1
634,53,Male,2,72,32,901,390,9,17,1,1
635,44,Male,3,45,36,4153,394,5,8,3,0
636,34,Male,2,86,32,2126,317,6,10,2,1
637,26,Female,2,59,15,3044,350,2,2,2,0
638,50,Female,1,4,43,3794,486,2,9,3,0
639,37,Male,2,67,35,2806,207,9,3,3,1
640,30,Female,2,29,3,1694,430,7,18,3,1
641,45,Male,2,29,16,4421,330,4,7,1,0
642,46,Female,1,28,5,3194,188,3,15,1,0
643,30,Male,1,77,21,292,394,6,18,1,1
644,52,Male,2,79,10,4135,228,6,3,3,1
645,23,Female,1,87,19,220,286,8,14,3,1
646,35,Male,1,44,25,702,446,8,2,1,0
647,22,Female,1,4,4,3562,25,4,14,2,1
648,42,Female,1,9,29,1549,388,7,11,1,0
649,19,Male,1,5,19,2149,70,9,16,2,0
650,27,Male,2,56,43,2208,63,0,8,3,0
651,47,Female,2,84,2,2022,177,8,7,3,1
652,22,Male,3,50,10,3975,35,7,11,1,0
653,50,Male,2,75,43,2308,345,5,3,1,1
654,18,Male,2,15,25,4089,485,2,17,3,0
655,35,Male,1,32,20,2085,74,2,14,1,0
656,49,Male,1,28,48,3321,109,7,6,3,0
657,28,Female,2,22,19,907,83,4,8,3,0
658,38,Female,1,17,23,3873,201,9,5,2,0
659,43,Male,2,59,24,1099,180,6,8,1,0
660,42,Male,2,71,11,4040,282,4,2,3,1
661,39,Male,2,57,46,348,386,7,15,1,0
662,44,Female,1,26,34,973,196,9,12,2,0
663,30,Male,2,25,28,4282,32,9,17,2,0
664,50,Female,2,10,5,4356,400,3,1,1,0
665,51,Female,1,45,5,2849,437,1,15,1,0
666,58,Female,2,83,21,4925,190,2,14,3,1
667,52,Male,2,11,12,4112,336,7,16,2,0
668,18,Female,3,77,4,4095,117,6,9,2,1
669,38,Male,1,53,49,1852,344,1,1,2,0
670,23,Female,3,72,42,2763,171,5,17,1,1
671,45,Male,2,68,20,4556,311,8,13,3,1
672,34,Female,2,28,38,2903,461,3,5,1,0
673,22,Male,1,75,25,2707,215,8,10,1,1
674,48,Female,2,65,14,4572,87,1,6,1,1
675,22,Male,1,49,11,3396,25,1,19,3,0
676,55,Male,2,47,32,1521,336,8,13,1,0
677,20,Male,1,52,11,2999,105,6,1,2,0
678,40,Male,3,88,18,991,156,6,15,2,1
679,54,Female,2,54,27,1957,11,0,14,2,0
680,54,Female,2,60,18,4887,19,5,8,3,0
681,27,Male,1,57,23,1293,443,6,10,1,0
682,27,Female,1,47,11,4473,134,5,9,3,0
683,36,Male,2,31,21,1516,90,5,17,1,0
684,34,Male,2,46,44,4007,494,1,9,2,0
685,38,Female,1,26,5,2016,149,5,3,1,0
686,31,Male,2,5,23,425,335,3,11,1,0
687,26,Male,3,84,41,312,159,8,12,1,1
688,18,Female,2,52,25,4412,297,0,10,3,0
689,30,Male,2,75,41,3438,370,7,17,1,1
690,21,Male,3,54,10,3445,349,4,17,1,0
691,18,Male,1,33,22,1994,138,0,11,1,0
692,57,Male,2,50,19,1943,447,3,4,3,0
693,49,Female,3,38,1,3684,248,0,7,3,1
694,51,Female,1,27,7,1702,67,5,14,3,0
695,45,Female,2,15,4,4191,207,1,7,1,1
696,48,Male,2,61,1,3942,220,4,8,2,1
697,25,Male,2,21,15,649,411,6,1,2,0
698,56,Female,2,46,40,4865,399,1,4,2,0
699,43,Male,3,69,12,1962,54,5,12,1,1
700,51,Male,2,6,22,1342,106,5,3,2,0
701,20,Male,1,38,22,650,288,4,13,2,0
702,29,Male,3,62,47,430,32,4,6,2,1
703,18,Female,1,86,17,4263,419,2,11,1,1
704,22,Female,2,62,29,3687,470,9,4,2,1
705,47,Female,2,82,46,2213,400,9,16,2,1
706,47,Male,2,78,14,4405,344,1,7,1,1
707,34,Female,2,74,20,1148,53,6,11,3,1
708,40,Female,3,46,48,415,36,0,1,2,0
709,32,Male,2,13,33,2620,291,5,7,3,0
710,54,Male,2,3,43,3469,106,5,12,2,0
711,38,Female,1,6,15,2526,472,2,7,1,0
712,31,Female,3,8,12,840,45,1,7,3,0
713,19,Female,3,44,40,3619,118,1,10,3,0
714,28,Female,2,33,20,796,64,8,16,3,0
715,56,Male,1,81,30,362,201,4,8,3,1
716,55,Female,1,75,38,4683,228,6,9,2,1
717,51,Female,1,77,3,970,194,4,9,2,1
718,55,Male,1,50,28,1127,78,6,2,3,0
719,51,Female,2,11,26,2879,326,3,13,2,0
720,35,Male,3,28,30,2431,139,7,13,3,0
721,47,Male,2,70,13,3668,64,9,4,3,1
722,32,Male,1,41,13,847,387,9,12,1,0
723,44,Female,1,16,2,4493,106,6,17,3,1
724,51,Female,1,68,37,322,345,9,2,2,1
725,55,Male,1,48,49,3060,96,4,13,3,0
726,50,Female,1,56,38,4865,303,5,18,1,0
727,41,Female,1,64,2,1823,128,4,15,2,1
728,32,Male,2,59,36,2597,217,6,8,1,0
729,47,Male,3,62,26,3214,343,1,15,1,1
730,59,Female,2,76,11,4830,422,4,1,3,1
731,34,Male,2,11,8,4767,163,9,10,1,0
732,22,Female,3,89,44,996,44,2,12,1,1
733,46,Female,1,18,40,2715,88,8,5,2,0
734,21,Female,1,19,43,556,76,5,9,1,0
735,27,Female,3,87,22,293,352,9,8,3,1
736,34,Male,1,55,20,555,422,2,16,3,0
737,27,Male,2,82,8,4567,43,6,14,3,1
738,34,Male,2,26,29,3208,106,3,13,1,0
739,37,Male,2,6,40,3640,178,2,13,2,0
740,41,Female,2,4,26,1922,178,7,5,3,0
741,22,Female,2,29,30,3843,160,3,16,1,0
742,51,Male,1,59,17,1242,80,0,11,3,0
743,23,Female,1,17,20,4475,12,5,5,3,0
744,19,Female,2,43,16,4795,323,9,13,2,0
745,30,Female,2,80,46,1514,41,0,11,3,1
746,28,Male,1,66,43,440,296,4,19,2,1
747,40,Male,3,34,7,4526,91,6,3,1,0
748,33,Male,2,8,16,3427,52,5,15,3,0
749,48,Female,3,13,45,4887,400,1,7,1,0
750,28,Male,2,8,47,4965,114,3,7,1,0
751,33,Male,2,65,48,722,10,1,6,1,1
752,25,Male,2,43,27,2610,70,0,3,3,0
753,21,Male,3,39,23,1261,279,2,13,2,0
754,57,Male,1,81,24,979,189,2,7,3,1
755,21,Male,2,59,9,1589,233,6,5,1,0
756,42,Female,1,84,35,962,15,0,18,2,1
757,20,Female,2,88,20,693,112,8,8,1,1
758,49,Male,2,86,37,4572,19,5,17,2,1
759,20,Male,3,86,42,551,80,3,1,3,1
760,44,Female,3,44,17,779,99,2,14,2,0
761,46,Female,1,9,47,1333,235,2,17,3,0
762,49,Male,1,37,31,2168,167,1,10,1,0
763,36,Male,2,74,8,4602,237,1,12,2,1
764,38,Male,2,36,15,4436,414,9,16,1,0
765,22,Male,1,28,31,3886,135,4,14,2,0
766,35,Female,2,42,30,969,453,8,16,3,0
767,45,Male,2,43,46,4100,218,1,8,2,0
768,59,Male,3,85,20,2389,106,1,10,2,1
769,39,Male,1,88,39,805,83,5,17,3,1
770,38,Male,2,42,12,1919,124,9,18,3,0
771,23,Female,2,66,49,4522,200,1,16,3,1
772,18,Female,2,55,17,557,179,3,17,2,0
773,22,Female,2,72,42,1486,316,5,16,1,1
774,58,Male,2,48,30,2625,457,4,19,2,0
775,29,Male,1,22,29,3476,213,0,8,2,0
776,43,Female,3,27,19,608,65,5,6,1,0
777,51,Male,2,67,46,3152,217,0,6,3,1
778,31,Male,1,13,11,4566,50,2,9,2,0
779,43,Female,2,45,34,3672,41,9,4,1,0
780,44,Female,1,10,7,4449,24,4,12,3,0
781,26,Female,1,9,44,4107,71,9,12,3,0
782,43,Female,3,54,34,3765,164,4,17,2,0
783,39,Male,2,27,20,1351,293,9,15,3,0
784,47,Male,2,34,38,2205,218,5,9,3,0
785,34,Female,1,1,24,742,329,9,7,1,0
786,43,Male,2,32,10,4400,196,7,10,1,0
787,53,Female,1,89,32,1528,451,4,16,3,1
788,18,Female,2,71,15,306,139,0,12,1,1
789,25,Male,3,67,37,2480,136,4,7,3,1
790,52,Female,2,84,20,491,301,2,18,2,1
791,32,Male,2,20,3,1931,123,3,15,1,1
792,39,Male,2,35,37,2696,208,7,6,3,0
793,31,Male,3,78,40,3870,22,6,12,3,1
794,43,Male,2,17,8,4727,280,4,11,1,0
795,45,Female,2,18,40,1785,98,1,3,1,0
796,40,Male,2,45,44,3785,224,5,2,2,0
797,31,Female,1,84,23,2695,453,5,6,3,1
798,41,Female,1,53,40,68,287,9,5,2,0
799,19,Female,2,82,11,1174,456,9,18,2,1
800,43,Female,1,68,46,4035,483,5,16,2,1
801,31,Male,1,65,8,2704,490,8,8,1,1
802,24,Male,3,1,29,2130,212,7,11,2,0
803,20,Female,2,58,30,1597,83,7,10,1,0
804,40,Female,2,26,10,911,34,0,12,1,0
805,35,Male,2,20,39,204,110,4,6,2,0
806,55,Female,2,87,28,3544,185,6,5,2,1
807,52,Male,1,10,49,954,436,5,9,3,0
808,32,Female,2,59,36,1319,126,4,16,2,0
809,42,Male,1,75,13,454,175,7,14,3,1
810,54,Female,2,41,32,893,50,2,8,2,0
811,45,Female,2,5,36,1832,438,5,19,2,0
812,27,Male,2,65,37,1614,353,4,14,2,1
813,56,Female,2,17,26,1234,433,7,7,2,0
814,34,Female,2,22,22,796,375,3,5,3,0
815,56,Male,1,41,4,1775,129,7,18,3,1
816,39,Female,2,68,31,3238,106,9,2,2,1
817,43,Male,1,69,18,320,154,1,11,2,1
818,42,Male,1,11,38,4915,225,8,8,3,0
819,34,Female,1,56,24,4006,238,8,1,1,0
820,30,Female,2,51,23,221,322,9,12,1,0
821,37,Female,2,21,22,323,139,9,2,1,0
822,42,Female,1,76,2,2356,361,5,18,3,1
823,21,Female,2,26,31,1208,386,3,7,3,0
824,27,Female,2,19,11,1756,327,3,17,1,0
825,20,Female,1,60,28,1821,481,5,14,1,0
826,58,Male,3,71,46,471,146,4,7,2,1
827,35,Female,2,47,32,1259,333,5,3,3,0
828,53,Male,2,71,5,4725,346,6,6,3,1
829,39,Female,2,26,38,940,282,6,2,1,0
830,51,Female,1,40,10,4867,126,8,17,1,0
831,25,Male,2,5,40,3317,315,7,12,3,0
832,57,Female,2,21,46,1523,377,5,12,2,0
833,36,Female,3,78,24,3293,103,5,17,1,1
834,59,Male,1,4,35,4528,177,4,10,3,0
835,58,Female,2,23,44,2231,451,0,3,3,0
836,54,Female,2,84,48,1499,212,8,18,2,1
837,23,Female,1,15,23,3146,350,8,13,2,0
838,43,Male,2,8,17,3306,158,8,12,1,0
839,51,Female,2,41,1,3206,411,7,17,1,1
840,23,Female,3,19,31,1640,192,9,4,1,0
841,54,Female,2,46,31,4289,422,2,10,3,0
842,50,Female,2,28,42,4031,161,0,11,1,0
843,39,Male,3,68,42,1485,83,7,6,3,1
844,38,Male,3,15,34,273,374,6,6,1,0
845,23,Female,1,37,9,269,410,4,9,2,0
846,23,Female,2,1,22,4324,283,9,15,2,0
847,21,Male,2,67,13,1704,51,6,2,3,1
848,47,Male,3,24,25,4578,221,9,4,2,0
849,28,Female,2,27,48,314,110,3,5,3,0
850,47,Male,1,40,18,1003,54,8,17,3,0
851,48,Female,2,63,12,4574,91,9,8,2,1
852,41,Male,2,61,40,3783,26,1,8,3,1
853,26,Male,3,36,17,2824,82,8,12,2,0
854,20,Male,3,24,15,3174,23,8,8,1,0
855,48,Male,2,24,42,529,442,4,19,1,0
856,57,Female,1,4,15,3564,166,0,3,2,0
857,54,Male,2,67,15,1403,232,6,18,2,1
858,53,Male,1,34,39,3372,141,9,19,2,0
859,41,Female,1,57,13,3928,347,9,19,2,0
860,48,Male,3,49,17,939,413,3,15,1,0
861,23,Male,1,87,32,3904,385,8,6,3,1
862,19,Female,2,53,9,974,385,5,16,3,0
863,37,Male,3,23,40,2220,56,2,8,1,0
864,45,Female,2,69,20,1952,116,5,16,3,1
865,28,Female,1,53,26,4923,117,9,18,1,0
866,21,Female,3,62,27,2445,274,5,16,3,1
867,32,Female,1,41,21,78,214,4,11,2,0
868,23,Male,2,57,18,84,88,1,7,2,0
869,47,Female,3,60,13,3639,164,9,17,2,0
870,55,Male,3,54,16,2720,280,9,17,1,0
871,19,Male,2,70,9,3415,485,1,12,1,1
872,32,Male,2,57,12,638,494,6,13,3,0
873,28,Male,1,10,44,3268,256,1,10,3,0
874,25,Male,3,40,38,3188,28,5,7,3,0
875,43,Male,3,7,19,953,355,4,14,1,0
876,22,Male,2,38,7,4136,445,3,1,3,0
877,23,Male,1,85,35,2219,35,6,17,2,1
878,43,Male,1,61,48,389,226,7,4,3,1
879,21,Male,1,84,18,4320,163,3,5,2,1
880,36,Female,2,3,16,1764,163,0,7,1,0
881,37,Female,2,51,39,4742,183,0,10,2,0
882,50,Female,3,86,4,4596,101,0,17,2,1
883,37,Male,2,47,25,606,442,0,7,2,0
884,29,Female,1,68,32,3137,347,4,1,1,1
885,18,Female,2,76,40,3316,489,3,7,1,1
886,43,Female,2,38,13,3617,190,8,11,1,0
887,31,Male,2,36,45,2106,140,2,9,1,0
888,55,Male,2,41,17,3949,459,6,12,3,0
889,54,Male,3,69,49,1066,490,7,3,1,1
890,28,Male,3,13,37,2112,307,5,4,2,0
891,53,Female,1,87,6,888,284,9,4,1,1
892,30,Female,1,58,19,1687,282,0,13,3,0
893,20,Female,2,50,13,4371,426,7,19,3,0
894,50,Female,1,30,26,3546,85,9,10,3,0
895,23,Male,2,62,14,1863,186,2,5,2,1
896,27,Male,1,25,31,3529,193,7,7,1,0
897,22,Male,2,27,4,1501,328,3,16,1,1
898,40,Female,1,51,39,2363,140,7,1,1,0
899,27,Male,2,78,8,1564,372,0,12,2,1
900,19,Male,3,57,25,1281,58,2,2,2,0
901,30,Female,1,47,13,1695,64,5,7,3,0
902,57,Female,1,39,32,3049,163,8,11,3,0
903,19,Male,2,16,38,3490,364,1,13,1,0
904,37,Male,3,22,38,4106,209,0,2,2,0
905,18,Male,1,85,28,355,317,9,7,2,1
906,54,Male,2,54,30,3586,365,2,15,1,0
907,26,Male,1,21,3,1773,382,3,11,1,1
908,34,Male,2,72,28,1739,127,4,2,3,1
909,26,Female,2,16,3,1567,272,2,7,3,1
910,28,Female,2,59,45,3967,55,9,4,3,0
911,32,Female,3,31,34,469,311,1,11,1,0
912,41,Male,1,42,16,2986,365,1,2,1,0
913,55,Female,3,74,22,3912,409,6,16,3,1
914,52,Male,1,32,32,4279,417,8,7,3,0
915,47,Male,3,59,38,1500,198,9,13,2,0
916,48,Female,2,34,8,3146,319,1,5,2,0
917,22,Male,3,9,8,3311,327,6,17,3,0
918,31,Male,1,81,6,1214,138,6,12,3,1
919,28,Female,1,11,14,1919,58,6,19,2,0
920,26,Female,2,10,32,1869,34,2,7,3,0
921,51,Female,2,86,35,2755,275,6,6,2,1
922,29,Male,1,17,10,3565,127,0,8,2,0
923,52,Female,2,68,3,1392,473,9,13,2,1
924,52,Female,1,48,12,2276,153,0,5,1,0
925,18,Male,2,52,49,1129,451,4,2,1,0
926,57,Female,3,25,31,4256,209,1,9,3,0
927,39,Female,2,21,29,4613,166,8,11,2,0
928,46,Female,1,65,5,2829,496,6,6,1,1
929,25,Male,2,63,25,2578,357,3,7,3,1
930,28,Male,1,89,41,863,143,3,7,3,1
931,58,Male,3,51,31,2081,409,1,19,3,0
932,54,Male,1,36,21,372,157,4,6,3,0
933,31,Female,2,81,20,3019,345,3,11,3,1
934,47,Male,3,88,39,953,80,0,11,2,1
935,52,Male,3,66,22,1591,242,7,7,3,1
936,38,Female,2,15,4,3553,343,2,2,2,1
937,54,Female,3,39,13,2703,308,5,19,1,0
938,22,Female,3,70,45,2526,163,3,4,3,1
939,36,Male,2,1,42,3390,99,8,6,1,0
940,31,Male,2,23,49,4293,343,6,17,2,0
941,43,Male,2,39,20,1191,208,8,5,2,0
942,21,Female,2,57,13,899,170,9,7,1,0
943,42,Female,2,81,17,416,35,2,9,3,1
944,59,Male,2,34,36,2947,130,0,1,3,0
945,42,Female,1,41,33,1139,310,4,1,1,0
946,35,Female,1,73,1,4091,221,2,19,1,1
947,57,Female,1,13,15,2088,72,5,6,1,0
948,25,Male,1,70,13,2910,460,7,18,3,1
949,56,Female,1,6,17,4320,445,3,10,3,0
950,57,Female,2,84,24,1904,77,4,11,3,1
951,31,Male,1,52,8,4733,262,4,1,1,0
952,49,Male,3,3,27,544,419,3,1,3,0
953,55,Female,1,81,45,3232,468,3,13,2,1
954,50,Female,1,63,23,1834,11,3,5,1,1
955,40,Male,2,49,46,3560,407,3,1,3,0
956,32,Male,2,76,8,3836,117,3,3,1,1
957,50,Female,1,47,8,4180,295,4,18,2,0
958,42,Female,3,55,26,1048,58,1,9,2,0
959,34,Female,3,64,47,4519,149,1,14,1,1
960,50,Female,2,65,13,1501,227,8,17,1,1
961,19,Male,2,81,39,1801,53,1,14,2,1
962,31,Female,3,67,37,2330,426,5,4,1,1
963,57,Female,2,15,49,4850,278,1,5,2,0
964,57,Male,2,32,28,4708,87,4,17,2,0
965,56,Female,3,68,25,2984,225,3,2,3,1
966,23,Male,1,18,16,3784,391,6,5,1,0
967,23,Female,2,83,2,3396,107,6,4,1,1
968,20,Female,1,43,18,1923,245,5,4,3,0
969,24,Male,2,35,17,4584,291,9,6,2,0
970,25,Male,2,78,30,3853,158,4,13,1,1
971,59,Female,2,58,39,2029,421,0,5,3,0
972,32,Female,1,33,13,748,313,2,7,3,0
973,46,Female,1,14,32,1362,493,8,1,1,0
974,50,Male,2,34,29,3012,433,0,14,3,0
975,47,Female,2,61,46,2988,75,4,4,2,1
976,56,Male,2,4,30,4837,243,1,17,3,0
977,44,Male,1,88,18,2350,466,3,14,2,1
978,53,Female,3,59,13,3247,96,0,16,2,0
979,46,Male,1,29,43,176,88,2,14,1,0
980,55,Female,3,83,21,1241,214,9,16,3,1
981,50,Female,1,6,30,2689,288,6,8,2,0
982,54,Female,2,49,21,4439,346,9,3,2,0
983,44,Female,1,40,48,3966,263,2,19,3,0
984,50,Female,3,83,17,1416,313,3,1,2,1
985,21,Male,2,65,40,1069,389,1,2,3,1
986,39,Male,1,69,19,4129,139,2,15,1,1
987,19,Female,2,27,15,4564,93,8,10,2,0
988,27,Female,1,80,9,4589,285,2,18,2,1
989,22,Male,1,6,10,734,196,4,14,3,0
990,27,Male,3,13,44,3679,55,1,17,3,0
991,50,Male,2,64,31,2937,396,3,13,3,1
992,55,Male,2,62,23,1512,192,6,1,3,1
993,30,Female,2,19,30,4136,277,6,5,2,0
994,48,Female,2,76,33,2311,305,2,13,1,1
995,53,Male,1,80,9,4230,331,4,14,1,1
996,41,Female,1,43,47,2891,109,0,3,1,0
997,32,Male,2,74,1,1817,87,9,15,1,1
998,46,Female,3,89,44,4230,281,9,19,3,1
999,25,Male,1,20,35,3610,348,9,17,2,0
1000,22,Female,1,68,11,2162,171,0,3,2,1
